{
  "edges": [
    [
      0, 
      1
    ], 
    [
      2, 
      3
    ], 
    [
      4, 
      5
    ], 
    [
      6, 
      7
    ], 
    [
      8, 
      9
    ], 
    [
      10, 
      11
    ], 
    [
      12, 
      13
    ], 
    [
      14, 
      15
    ], 
    [
      16, 
      17
    ], 
    [
      18, 
      19
    ], 
    [
      20, 
      21
    ], 
    [
      22, 
      23
    ], 
    [
      24, 
      25
    ], 
    [
      26, 
      27
    ], 
    [
      28, 
      29
    ], 
    [
      30, 
      31
    ], 
    [
      8, 
      18
    ], 
    [
      24, 
      19
    ], 
    [
      19, 
      20
    ], 
    [
      20, 
      24
    ], 
    [
      7, 
      14
    ], 
    [
      14, 
      21
    ], 
    [
      21, 
      7
    ], 
    [
      10, 
      13
    ], 
    [
      6, 
      32
    ], 
    [
      33, 
      34
    ], 
    [
      35, 
      25
    ], 
    [
      25, 
      22
    ], 
    [
      22, 
      35
    ], 
    [
      36, 
      37
    ], 
    [
      0, 
      38
    ], 
    [
      27, 
      29
    ], 
    [
      29, 
      39
    ], 
    [
      39, 
      27
    ], 
    [
      28, 
      31
    ], 
    [
      40, 
      4
    ], 
    [
      26, 
      2
    ], 
    [
      41, 
      42
    ], 
    [
      42, 
      43
    ], 
    [
      43, 
      41
    ], 
    [
      44, 
      45
    ], 
    [
      45, 
      15
    ], 
    [
      46, 
      47
    ], 
    [
      47, 
      48
    ], 
    [
      49, 
      50
    ], 
    [
      50, 
      51
    ], 
    [
      52, 
      53
    ], 
    [
      53, 
      17
    ], 
    [
      54, 
      55
    ], 
    [
      55, 
      56
    ], 
    [
      57, 
      58
    ], 
    [
      58, 
      59
    ], 
    [
      60, 
      61
    ], 
    [
      61, 
      9
    ], 
    [
      62, 
      63
    ], 
    [
      63, 
      64
    ], 
    [
      65, 
      66
    ], 
    [
      66, 
      67
    ], 
    [
      68, 
      69
    ], 
    [
      69, 
      23
    ], 
    [
      70, 
      71
    ], 
    [
      71, 
      72
    ]
  ], 
  "vertices": [
    [
      -24.584787388811215, 
      43.819834667153366, 
      10.334645669291545
    ], 
    [
      -48.235870239655483, 
      43.819834667153138, 
      10.334645669291284
    ], 
    [
      -24.418120722144298, 
      41.410137969275254, 
      10.070349418703584
    ], 
    [
      -24.418120722144305, 
      41.545029683053642, 
      10.205241132482119
    ], 
    [
      -24.418120722144309, 
      41.857439870851721, 
      10.334645669291815
    ], 
    [
      -24.418120722144305, 
      43.653168000486701, 
      10.334645669291556
    ], 
    [
      -48.402536906321963, 
      42.073756755609075, 
      9.9409448818896333
    ], 
    [
      -48.402536906322204, 
      40.743026094836786, 
      9.9409448818898891
    ], 
    [
      -48.569203572988613, 
      23.413010520171344, 
      9.9409448818898891
    ], 
    [
      -66.436083494248294, 
      23.413010520171380, 
      9.940944881889898
    ], 
    [
      -48.402536906321970, 
      42.999790849393868, 
      10.334645669291760
    ], 
    [
      -48.402536906322162, 
      43.653168000486453, 
      10.334645669291284
    ], 
    [
      -48.402536906321963, 
      42.301527853564579, 
      10.001975963646153
    ], 
    [
      -48.402536906321970, 
      42.772019751438400, 
      10.273614587535256
    ], 
    [
      -48.569203572988869, 
      40.576359428170122, 
      9.9409448818898891
    ], 
    [
      -66.430752129418991, 
      40.576359428170285, 
      9.9409448818898944
    ], 
    [
      -62.619022035864020, 
      30.399194073839546, 
      9.9409448818898891
    ], 
    [
      -66.430752129419062, 
      30.399194073839496, 
      9.9409448818898962
    ], 
    [
      -48.402536906321934, 
      23.579677186838026, 
      9.9409448818898891
    ], 
    [
      -48.402536906322069, 
      30.232527407172743, 
      9.9409448818898891
    ], 
    [
      -48.402536906322069, 
      30.565860740506078, 
      9.9409448818898891
    ], 
    [
      -48.402536906322204, 
      40.409692761503457, 
      9.9409448818898891
    ], 
    [
      -62.452355369197363, 
      30.565860740506210, 
      9.9409448818898891
    ], 
    [
      -62.452355369197235, 
      35.224653391424845, 
      9.9409448818898962
    ], 
    [
      -48.569203572988734, 
      30.399194073839411, 
      9.9409448818898891
    ], 
    [
      -62.285688702530699, 
      30.399194073839546, 
      9.9409448818898891
    ], 
    [
      -24.418120722144298, 
      41.097727781477005, 
      9.9409448818938309
    ], 
    [
      -24.418120722144501, 
      29.614889087747834, 
      9.9409448818899602
    ], 
    [
      -24.675657472238335, 
      29.448222421081166, 
      9.9409448818899602
    ], 
    [
      -24.584787388811165, 
      29.448222421081166, 
      9.9409448818899602
    ], 
    [
      -25.102740805571681, 
      29.448222421081166, 
      7.1889230098052987
    ], 
    [
      -25.102740805571681, 
      29.448222421081166, 
      9.5138615485566280
    ], 
    [
      -48.402536906321963, 
      42.301527853564579, 
      10.001975963646151
    ], 
    [
      -48.235870239655505, 
      43.819834667153167, 
      10.334645669291278
    ], 
    [
      -48.402536906322183, 
      43.653168000486481, 
      10.334645669291278
    ], 
    [
      -62.619022035864027, 
      30.399194073839546, 
      9.9409448818898891
    ], 
    [
      -24.418120722144547, 
      43.986501333820030, 
      10.334645669291545
    ], 
    [
      -24.418120722144547, 
      43.653168000486701, 
      10.334645669291545
    ], 
    [
      -24.251454055477879, 
      43.819834667153366, 
      10.334645669291545
    ], 
    [
      -24.418120722144501, 
      29.281555754414498, 
      9.9409448818899602
    ], 
    [
      -24.418120722144309, 
      41.545029683053585, 
      10.205241132482465
    ], 
    [
      -25.102740805571688, 
      29.448222421081166, 
      7.1889230098052987
    ], 
    [
      -25.102740805571688, 
      29.281555754414502, 
      7.0222563431386309
    ], 
    [
      -25.102740805571688, 
      29.448222421081166, 
      6.8555896764719630
    ], 
    [
      -66.430752129419162, 
      39.882826793137127, 
      9.3602362204725704
    ], 
    [
      -66.430752129419162, 
      39.882826793137127, 
      9.9409448818898944
    ], 
    [
      -58.562067746216918, 
      39.882826793137127, 
      9.3602362204725704
    ], 
    [
      -58.562067746216918, 
      39.882826793137127, 
      9.9409448818898927
    ], 
    [
      -58.562067746216911, 
      40.576359428170214, 
      9.9409448818898927
    ], 
    [
      -50.688051998185323, 
      39.882826793137127, 
      9.3602362204725704
    ], 
    [
      -50.688051998185323, 
      39.882826793137127, 
      9.9409448818898891
    ], 
    [
      -50.688051998185315, 
      40.576359428170143, 
      9.9409448818898891
    ], 
    [
      -66.430752129419162, 
      32.008811045105631, 
      9.3602362204725704
    ], 
    [
      -66.430752129419162, 
      32.008811045105631, 
      9.9409448818898962
    ], 
    [
      -58.562067746216897, 
      32.008811045105631, 
      9.3602362204725704
    ], 
    [
      -58.562067746216897, 
      32.008811045105631, 
      9.9409448818898891
    ], 
    [
      -58.562067746216911, 
      30.399194073839510, 
      9.9409448818898891
    ], 
    [
      -50.688051998185415, 
      32.008811045105631, 
      9.3602362204725704
    ], 
    [
      -50.688051998185415, 
      32.008811045105631, 
      9.9409448818898891
    ], 
    [
      -50.688051998185429, 
      30.399194073839432, 
      9.9409448818898891
    ], 
    [
      -66.436083494248393, 
      24.134795297074135, 
      9.3602362204725704
    ], 
    [
      -66.436083494248393, 
      24.134795297074135, 
      9.940944881889898
    ], 
    [
      -58.551405016558121, 
